因变量,模型设定,标准误类型,样本量,省级聚类数,OLS系数,OLS标准误,两阶段系数,两阶段标准误,两阶段p值,第一阶段F,第一阶段偏R平方,内生性检验F,内生性检验p值,AR零效应p值,AR百分之95置信集合
Y_actual,基准控制,异方差稳健,282,NaN,-0.705060087151656,0.148681169496167,-0.740608480328157,0.187928188985838,0.000102837115035474,680.009662780727,0.66450548888297,0.15170779275861,0.697209009724071,0.00017502951774916,"[-1.1069728, -0.36489887]"
Y_actual,基准控制,按省聚类,282,30,-0.705060087151656,0.249444278225218,-0.740608480328157,0.280430611978478,0.0131768343675447,232.835879578019,0.66450548888297,0.131082628382415,0.719937157941811,0.0209837524588363,"[-1.2884638, -0.12918481]"
Y_actual,加入省份固定效应,异方差稳健,282,NaN,-0.791262882630088,0.20289869456859,-0.682383827380091,0.290307535155584,0.0195294299204223,165.518012227376,0.490388382509644,0.235480198982644,0.62791990660028,0.0198578198196955,"[-1.2678843, -0.11059671]"
Y_actual,加入省份固定效应,按省聚类,282,30,-0.791262882630088,0.209442559090385,-0.682383827380091,0.196611249222895,0.00164621849067283,160.921271518852,0.490388382509644,0.411464023079525,0.526265136411142,0.00207346421116857,"[-1.0925065, -0.27759789]"
Y_actual,加入基期年龄及平方,异方差稳健,282,NaN,-0.705418242862591,0.16690938619078,-0.710737666760712,0.220638443433574,0.00142961103852074,524.818889898944,0.613717903502147,0.00225949213982847,0.962122168604648,0.00208715496342836,"[-1.1394032, -0.26734346]"
Y_actual,加入基期年龄及平方,按省聚类,282,30,-0.705418242862591,0.25792166242714,-0.710737666760712,0.289899049307775,0.0204800767031489,204.199149106298,0.613717903502147,0.00322885053952757,0.955075924701097,0.0314211039410749,"[-1.2740599, -0.073634718]"
Y_frontier,基准控制,异方差稳健,282,NaN,-0.705060152001859,0.14868114647205,-0.740608165605595,0.187928189079091,0.00010283779553885,680.009662780727,0.66450548888297,0.151704540930991,0.697212093549094,0.000175030639892606,"[-1.1069724, -0.36489854]"
Y_frontier,基准控制,按省聚类,282,30,-0.705060152001859,0.249444289923921,-0.740608165605595,0.280430657437167,0.0131768827456226,232.835879578019,0.66450548888297,0.131079900556249,0.719939942999313,0.0209838167006561,"[-1.2884636, -0.12918439]"
Y_frontier,加入省份固定效应,异方差稳健,282,NaN,-0.791262877352893,0.202898653096074,-0.682383367846725,0.290307517893353,0.0195295039554518,165.518012227376,0.490388382509644,0.235482112234105,0.627918510399656,0.0198578849327592,"[-1.2678839, -0.11059632]"
Y_frontier,加入省份固定效应,按省聚类,282,30,-0.791262877352893,0.209442468658475,-0.682383367846725,0.196611195678405,0.00164622449927115,160.921271518852,0.490388382509644,0.411466971646368,0.52626366467095,0.00207346678514015,"[-1.092506, -0.2775976]"
Y_frontier,加入基期年龄及平方,异方差稳健,282,NaN,-0.705418474545783,0.166909325493614,-0.71073744293681,0.220638414839444,0.00142961390711673,524.818889898944,0.613717903502147,0.00225910479174739,0.962125413017229,0.00208715909829673,"[-1.1394029, -0.26734329]"
Y_frontier,加入基期年龄及平方,按省聚类,282,30,-0.705418474545783,0.25792156239443,-0.71073744293681,0.289898944336886,0.0204800712788104,204.199149106298,0.613717903502147,0.00322830243591649,0.955079733594335,0.0314210996435592,"[-1.2740595, -0.073634715]"
Y_actual_w,基准控制,异方差稳健,282,NaN,-0.688454666484497,0.141731704810254,-0.711828687866439,0.177730366696755,7.96913028387453e-05,680.009662780727,0.66450548888297,0.0712711354738475,0.7896942827452,0.000145144462329647,"[-1.0578071, -0.35598777]"
Y_actual_w,基准控制,按省聚类,282,30,-0.688454666484497,0.243643078998386,-0.711828687866439,0.275413870307908,0.0150498325759079,232.835879578019,0.66450548888297,0.0588726038197837,0.809994690288488,0.0235380950172908,"[-1.2493068, -0.11069907]"
Y_actual_w,加入省份固定效应,异方差稳健,282,NaN,-0.731373572559687,0.198410514759596,-0.599141636863261,0.271963364874521,0.0285131740597703,165.518012227376,0.490388382509644,0.377695710399793,0.539404740775582,0.0285086077164412,"[-1.1484352, -0.064255547]"
Y_actual_w,加入省份固定效应,按省聚类,282,30,-0.731373572559687,0.207781932386397,-0.599141636863261,0.196377929381701,0.00484056483246688,160.921271518852,0.490388382509644,0.630560710732076,0.433599919501095,0.00617503988702122,"[-1.004819, -0.19089085]"
Y_actual_w,加入基期年龄及平方,异方差稳健,282,NaN,-0.687787569900906,0.158735058136705,-0.687377791594617,0.207668343179977,0.0010576088115627,524.818889898944,0.613717903502147,1.44870613989528e-05,0.996965878934417,0.001575908385169,"[-1.0911224, -0.27033552]"
Y_actual_w,加入基期年龄及平方,按省聚类,282,30,-0.687787569900906,0.248990728221883,-0.687377791594617,0.275803228419679,0.0186550970194006,204.199149106298,0.613717903502147,2.09924331191204e-05,0.996375678614203,0.0289033878072459,"[-1.2241332, -0.082182946]"
Y_frontier_w,基准控制,异方差稳健,282,NaN,-0.658389124401959,0.12714500140088,-0.674252987177738,0.164339887803219,5.3723536237019e-05,680.009662780727,0.66450548888297,0.0322596825834071,0.857590695515863,9.50158923432446e-05,"[-0.9949543, -0.34603164]"
Y_frontier_w,基准控制,按省聚类,282,30,-0.658389124401959,0.210509900091455,-0.674252987177738,0.227043099948364,0.00593001750045677,232.835879578019,0.66450548888297,0.0323798307197334,0.858448056089345,0.0112591455086421,"[-1.1166454, -0.17792784]"
Y_frontier_w,加入省份固定效应,异方差稳健,282,NaN,-0.75358803320566,0.195701607537998,-0.595284850368129,0.277831536761762,0.0331181683917823,165.518012227376,0.490388382509644,0.5355331676418,0.464983591052109,0.0338320568322989,"[-1.1540826, -0.046561458]"
Y_frontier_w,加入省份固定效应,按省聚类,282,30,-0.75358803320566,0.201553366813826,-0.595284850368129,0.176889144934726,0.0021676167703187,160.921271518852,0.490388382509644,1.03544881241951,0.317297023501794,0.00241748002414268,"[-0.96696089, -0.23374159]"
Y_frontier_w,加入基期年龄及平方,异方差稳健,282,NaN,-0.661199891586506,0.140423720579334,-0.639530066527906,0.186770071393761,0.000710719299137103,524.818889898944,0.613717903502147,0.0419530040750242,0.837861451555714,0.00111363325016759,"[-1.0024892, -0.26429532]"
Y_frontier_w,加入基期年龄及平方,按省聚类,282,30,-0.661199891586506,0.219839228972877,-0.639530066527906,0.233743284028643,0.0105022668438044,204.199149106298,0.613717903502147,0.0751114201557755,0.78597770654142,0.0190209504478002,"[-1.0914021, -0.12319005]"
